-- phpMyAdmin SQL Dump
-- version 5.2.1
-- https://www.phpmyadmin.net/
--
-- Hรดte : 127.0.0.1:3307:3307
-- Gรฉnรฉrรฉ le : dim. 09 nov. 2025 ร 14:58
-- Version du serveur : 10.4.32-MariaDB
-- Version de PHP : 8.2.12

SET SQL_MODE = "NO_AUTO_VALUE_ON_ZERO";
START TRANSACTION;
SET time_zone = "+00:00";


/*!40101 SET @OLD_CHARACTER_SET_CLIENT=@@CHARACTER_SET_CLIENT */;
/*!40101 SET @OLD_CHARACTER_SET_RESULTS=@@CHARACTER_SET_RESULTS */;
/*!40101 SET @OLD_COLLATION_CONNECTION=@@COLLATION_CONNECTION */;
/*!40101 SET NAMES utf8mb4 */;

--
-- Base de donnรฉes : `reservation_mala3ib`
--

-- --------------------------------------------------------

--
-- Structure de la table `categories`
--

CREATE TABLE `categories` (
  `id` int(11) NOT NULL,
  `name` varchar(100) NOT NULL,
  `description` text DEFAULT NULL,
  `icon` varchar(50) DEFAULT NULL,
  `is_active` tinyint(1) DEFAULT 1,
  `created_at` timestamp NOT NULL DEFAULT current_timestamp()
) ENGINE=InnoDB DEFAULT CHARSET=utf8mb4 COLLATE=utf8mb4_unicode_ci;

--
-- Dรฉchargement des donnรฉes de la table `categories`
--

INSERT INTO `categories` (`id`, `name`, `description`, `icon`, `is_active`, `created_at`) VALUES
(7, 'ูุฑุฉ ุงููุฏู', 'ููุงุนุจ ูุฑุฉ ุงููุฏู ุจุฌููุน ุฃููุงุนูุง', 'โฝ', 1, '2025-11-03 21:44:14'),
(8, 'ูุฑุฉ ุงูุณูุฉ', 'ููุงุนุจ ูุฑุฉ ุงูุณูุฉ ุงูุฏุงุฎููุฉ ูุงูุฎุงุฑุฌูุฉ', '๐', 1, '2025-11-03 21:44:14'),
(9, 'ุงูุชูุณ', 'ููุงุนุจ ุงูุชูุณ ุงูุฃุฑุถู ูุงููุบุทู', '๐พ', 1, '2025-11-03 21:44:14'),
(10, 'ุงููุฑุฉ ุงูุทุงุฆุฑุฉ', 'ููุงุนุจ ุงููุฑุฉ ุงูุทุงุฆุฑุฉ ูุงูุดุงุทุฆูุฉ', '๐', 1, '2025-11-03 21:44:14'),
(11, 'ุฑูุงุถุงุช ูุชุนุฏุฏุฉ', 'ููุงุนุจ ูุชุนุฏุฏุฉ ุงูุฃุบุฑุงุถ', '๐', 1, '2025-11-03 21:44:14'),
(12, 'ุงูุณุจุงุญุฉ', 'ูุณุงุจุญ ุฃูููุจูุฉ ูุชุฑููููุฉ', '๐', 1, '2025-11-03 21:44:14'),
(13, 'ุฃูุนุงุจ ุงูููู', 'ูุถุงููุฑ ุงูุฌุฑู ูุงูููุฒ', '๐', 1, '2025-11-03 21:44:14'),
(14, 'ุงูุฑูุงุถุงุช ุงููุชุงููุฉ', 'ุตุงูุงุช ูููู ูุชุงููุฉ', '๐ฅ', 1, '2025-11-03 21:44:14');

-- --------------------------------------------------------

--
-- Structure de la table `mala3ib`
--

CREATE TABLE `mala3ib` (
  `id` int(11) NOT NULL,
  `name` varchar(255) NOT NULL,
  `description` text DEFAULT NULL,
  `category_id` int(11) DEFAULT NULL,
  `address` text NOT NULL,
  `city` varchar(100) NOT NULL,
  `latitude` decimal(10,8) DEFAULT NULL,
  `longitude` decimal(11,8) DEFAULT NULL,
  `price_per_hour` decimal(10,2) NOT NULL,
  `field_type` enum('ูุบุทู','ููุดูู','ุตุงูุฉ') DEFAULT 'ููุดูู',
  `capacity` int(11) DEFAULT NULL,
  `facilities` text DEFAULT NULL,
  `phone` varchar(20) DEFAULT NULL,
  `email` varchar(255) DEFAULT NULL,
  `owner_id` int(11) DEFAULT NULL,
  `is_available` tinyint(1) DEFAULT 1,
  `rating` decimal(3,2) DEFAULT 4.50,
  `opening_time` time DEFAULT '08:00:00',
  `closing_time` time DEFAULT '22:00:00',
  `created_at` timestamp NOT NULL DEFAULT current_timestamp()
) ENGINE=InnoDB DEFAULT CHARSET=utf8mb4 COLLATE=utf8mb4_unicode_ci;

--
-- Dรฉchargement des donnรฉes de la table `mala3ib`
--

INSERT INTO `mala3ib` (`id`, `name`, `description`, `category_id`, `address`, `city`, `latitude`, `longitude`, `price_per_hour`, `field_type`, `capacity`, `facilities`, `phone`, `email`, `owner_id`, `is_available`, `rating`, `opening_time`, `closing_time`, `created_at`) VALUES
(25, 'ููุนุจ ุทูุฌุฉ ุงููุจูุฑ', 'ููุนุจ ุฑุฆูุณู ุจุทูุฌุฉ', 7, 'ูุณุท ูุฏููุฉ ุทูุฌุฉ', 'Tanger', 35.75950000, -5.83400000, 80.00, 'ููุดูู', 200, 'ุฅุถุงุกุฉ,ูุฑุงูู', '0539312001', NULL, 5, 1, 4.50, '08:00:00', '22:00:00', '2025-11-03 21:47:39'),
(26, 'ููุนุจ ุงููุฑุณู', 'ููุนุจ ุจุญู ุงููุฑุณู', 7, 'ุญู ุงููุฑุณู', 'Tanger', 35.77490000, -5.80100000, 70.00, 'ููุดูู', 150, 'ุฅุถุงุกุฉ', NULL, NULL, 5, 1, 4.30, '06:00:00', '22:00:00', '2025-11-03 21:47:39'),
(27, 'ููุนุจ ุงูุจูุบุงุฒ', 'ููุนุจ ูุน ุฅุทูุงูุฉ ุนูู ุงููุถูู', 7, 'ุดุงุทุฆ ุงูุจูุบุงุฒ', 'Tanger', 35.79000000, -5.75000000, 90.00, 'ููุดูู', 100, 'ุฅุถุงุกุฉ,ูุฑุงูู ุดุงุทุฆูุฉ', NULL, NULL, 5, 1, 4.60, '08:00:00', '20:00:00', '2025-11-03 21:47:39'),
(28, 'ุตุงูุฉ ูุฑุฉ ุงูุณูุฉ ุทูุฌุฉ', 'ุตุงูุฉ ุณูุฉ ุฏุงุฎููุฉ ูุฌูุฒุฉ', 8, 'ุญู ุงูุณูุงู', 'Tanger', 35.78120000, -5.81360000, 120.00, 'ูุบุทู', 150, 'ุชูููู,ุฅุถุงุกุฉ,ููุงุนุฏ', '0539313001', 'basket@tanger.ma', 5, 1, 4.40, '08:00:00', '22:00:00', '2025-11-03 21:47:39'),
(29, 'ุตุงูุฉ ุงูุณูุฉ ุงููุฎุจุฉ', 'ุตุงูุฉ ุณูุฉ ูููุฎุจุฉ', 8, 'ุญู ุงูุฑุงุดุฏูู', 'Tanger', 35.76600000, -5.82800000, 150.00, 'ูุบุทู', 120, 'ุชูููู,ุฅุถุงุกุฉ,ููุงุนุฏ', '0539313002', 'elite@basket.ma', 5, 1, 4.60, '08:00:00', '22:00:00', '2025-11-03 21:47:39'),
(30, 'ููุนุจ ุงูุชูุณ ุงููููู', 'ููุนุจ ุชูุณ ูุญุชุฑู', 9, 'ุทุฑูู ุฃุตููุฉ', 'Tanger', 35.75000000, -5.85000000, 150.00, 'ููุดูู', 100, 'ุฅุถุงุกุฉ,ูุฑุงูู,ูุฏุฑุฌุงุช', '0539314001', 'tennis@royal.ma', 5, 1, 4.70, '07:00:00', '21:00:00', '2025-11-03 21:47:39'),
(31, 'ููุนุจ ุงูุชูุณ ุงูุณุงุญูู', 'ููุนุจ ุชูุณ ูุน ุฅุทูุงูุฉ ุจุญุฑูุฉ', 9, 'ุดุงุทุฆ ุทูุฌุฉ', 'Tanger', 35.78000000, -5.82000000, 120.00, 'ููุดูู', 80, 'ุฅุถุงุกุฉ,ููุงุนุฏ', NULL, NULL, 5, 1, 4.50, '08:00:00', '20:00:00', '2025-11-03 21:47:39'),
(32, 'ููุนุจ ุงููุฑุฉ ุงูุทุงุฆุฑุฉ ุงูุดุงุทุฆู', 'ููุนุจ ุทุงุฆุฑุฉ ุดุงุทุฆู', 10, 'ุดุงุทุฆ ุทูุฌุฉ', 'Tanger', 35.78500000, -5.81500000, 80.00, 'ููุดูู', 60, 'ุดุจูุงุช,ุฅุถุงุกุฉ', NULL, NULL, 5, 1, 4.30, '08:00:00', '19:00:00', '2025-11-03 21:47:39'),
(33, 'ุงููุณุจุญ ุงูุจูุฏู ุทูุฌุฉ', 'ูุณุจุญ ุฃูููุจู ูุฌูุฒ', 12, 'ุดุงุฑุน ูุญูุฏ ุงูุฎุงูุณ', 'Tanger', 35.78150000, -5.81230000, 100.00, 'ููุดูู', 200, 'ููุงุนุฏ,ูุธูุงุช,ูููุฐูู', '0539316001', 'piscine@tanger.ma', 5, 1, 4.40, '09:00:00', '18:00:00', '2025-11-03 21:47:39'),
(34, 'ุตุงูุฉ ุงููููู ุงููุชุงููุฉ', 'ุตุงูุฉ ูุชุฎุตุตุฉ ูู ุงููููู ุงููุชุงููุฉ', 14, 'ุญู ุงูููููู', 'Tanger', 35.75800000, -5.82500000, 90.00, 'ูุบุทู', 80, 'ุชูููู,ุฅุถุงุกุฉ,ูุฑุงูู', '0539317001', 'arts@martiaux.ma', 5, 1, 4.50, '07:00:00', '22:00:00', '2025-11-03 21:47:39'),
(35, 'ููุนุจ ุงููููุทุฑุฉ ุงููุฑูุฒู', 'ููุนุจ ุฑุฆูุณู ุจุงููููุทุฑุฉ', 7, 'ุญู ุงูููููู', 'Kenitra', 34.26100000, -6.57620000, 75.00, 'ููุดูู', 180, 'ุฅุถุงุกุฉ,ูุฑุงูู', '0537200001', NULL, 9, 1, 4.30, '08:00:00', '22:00:00', '2025-11-03 21:47:39'),
(36, 'ููุนุจ ุงููุฑูุณุฉ', 'ููุนุจ ุญุฏูุซ ุจุญู ุงููุฑูุณุฉ', 7, 'ุญู ุงููุฑูุณุฉ', 'Kenitra', 34.25980000, -6.58920000, 65.00, 'ููุดูู', 140, 'ุฅุถุงุกุฉ', NULL, NULL, 9, 1, 4.40, '06:00:00', '22:00:00', '2025-11-03 21:47:39'),
(37, 'ุตุงูุฉ ูุฑุฉ ุงูุณูุฉ ุงููููุทุฑุฉ', 'ุตุงูุฉ ุณูุฉ ูุฌูุฒุฉ', 8, 'ุญู ุงูููููู', 'Kenitra', 34.26200000, -6.57800000, 100.00, 'ูุบุทู', 120, 'ุชูููู,ุฅุถุงุกุฉ,ููุงุนุฏ', '0537202001', 'basket@kenitra.ma', 9, 1, 4.30, '08:00:00', '22:00:00', '2025-11-03 21:47:39'),
(38, 'ููุนุจ ุงูุชูุณ ุงูุญุฏูุซ', 'ููุนุจ ุชูุณ ูุฌูุฒ', 9, 'ุญู ุงููุญุทุฉ', 'Kenitra', 34.26890000, -6.58100000, 110.00, 'ููุดูู', 80, 'ุฅุถุงุกุฉ,ูุฑุงูู', NULL, NULL, 9, 1, 4.50, '07:00:00', '21:00:00', '2025-11-03 21:47:39'),
(39, 'ููุนุจ ุงููุฑุฉ ุงูุทุงุฆุฑุฉ', 'ููุนุจ ุทุงุฆุฑุฉ ุฎุงุฑุฌู', 10, 'ุญู ุงูุฃูุตุงุฑ', 'Kenitra', 34.25300000, -6.58500000, 65.00, 'ููุดูู', 50, 'ุฅุถุงุกุฉ,ุดุจูุงุช', NULL, NULL, 9, 1, 4.20, '08:00:00', '20:00:00', '2025-11-03 21:47:39'),
(40, 'ูุณุจุญ ุงููููุทุฑุฉ', 'ูุณุจุญ ุจูุฏู', 12, 'ุดุงุฑุน ูุญูุฏ ุงูุฎุงูุณ', 'Kenitra', 34.25800000, -6.58200000, 75.00, 'ููุดูู', 150, 'ููุงุนุฏ,ูุธูุงุช,ูุฑุงูู', '0537202002', 'piscine@kenitra.ma', 9, 1, 4.40, '09:00:00', '18:00:00', '2025-11-03 21:47:39'),
(41, 'ุตุงูุฉ ุงููููู ุงููุชุงููุฉ', 'ุตุงูุฉ ูุชุฎุตุตุฉ ูู ุงููููู ุงููุชุงููุฉ', 14, 'ุญู ุงููุญุทุฉ', 'Kenitra', 34.26900000, -6.58200000, 80.00, 'ูุบุทู', 50, 'ุชูููู,ุฅุถุงุกุฉ,ูุฑุงูู', '0537202003', 'arts@martiaux.ma', 9, 1, 4.40, '07:00:00', '22:00:00', '2025-11-03 21:47:39'),
(42, 'ููุนุจ ุงูุฑุจุงุท ุงููุจูุฑ', 'ููุนุจ ุฑุฆูุณู ุจุงูุฑุจุงุท', 7, 'ุญู ุงูุฑูุงุถ', 'Rabat', 34.03300000, -6.83300000, 85.00, 'ููุดูู', 220, 'ุฅุถุงุกุฉ,ูุฑุงูู', '0537300001', NULL, 3, 1, 4.50, '08:00:00', '22:00:00', '2025-11-03 21:47:39'),
(43, 'ููุนุจ ุฃูุฏุงู', 'ููุนุจ ุจุญู ุฃูุฏุงู', 7, 'ุญู ุฃูุฏุงู', 'Rabat', 34.01800000, -6.84800000, 70.00, 'ููุดูู', 160, 'ุฅุถุงุกุฉ', NULL, NULL, 3, 1, 4.30, '06:00:00', '22:00:00', '2025-11-03 21:47:39'),
(44, 'ุตุงูุฉ ูุฑุฉ ุงูุณูุฉ ุงูุฑุจุงุท', 'ุตุงูุฉ ุณูุฉ ูุฌูุฒุฉ', 8, 'ุญู ุงูููุณููุฉ', 'Rabat', 34.03200000, -6.83800000, 110.00, 'ูุบุทู', 140, 'ุชูููู,ุฅุถุงุกุฉ,ููุงุนุฏ', '0537301001', 'basket@rabat.ma', 3, 1, 4.40, '08:00:00', '22:00:00', '2025-11-03 21:47:39'),
(45, 'ููุนุจ ุงูุชูุณ ุงููุนุงุฑูู', 'ููุนุจ ุชูุณ ูู ุญู ุงููุนุงุฑูู', 9, 'ุญู ุงููุนุงุฑูู', 'Rabat', 34.02200000, -6.85200000, 130.00, 'ููุดูู', 90, 'ุฅุถุงุกุฉ,ูุฑุงูู', '0537302001', 'tennis@maarif.ma', 3, 1, 4.50, '07:00:00', '21:00:00', '2025-11-03 21:47:39'),
(46, 'ููุนุจ ุงููุฑุฉ ุงูุทุงุฆุฑุฉ', 'ููุนุจ ุทุงุฆุฑุฉ ุฎุงุฑุฌู', 10, 'ุญู ุญุณุงู', 'Rabat', 34.02800000, -6.83200000, 75.00, 'ููุดูู', 55, 'ุฅุถุงุกุฉ,ุดุจูุงุช', NULL, NULL, 3, 1, 4.30, '08:00:00', '20:00:00', '2025-11-03 21:47:39'),
(47, 'ูุณุจุญ ุงูุฑุจุงุท', 'ูุณุจุญ ุฃูููุจู', 12, 'ุญู ุงูุฑูุงุถ', 'Rabat', 34.03800000, -6.82800000, 90.00, 'ููุดูู', 180, 'ููุงุนุฏ,ูุธูุงุช,ูููุฐูู', '0537303001', 'piscine@rabat.ma', 3, 1, 4.50, '09:00:00', '18:00:00', '2025-11-03 21:47:39'),
(48, 'ุตุงูุฉ ุงููููู ุงููุชุงููุฉ', 'ุตุงูุฉ ูุชุฎุตุตุฉ ูู ุงููููู ุงููุชุงููุฉ', 14, 'ุญู ุฃูุฏุงู', 'Rabat', 34.01800000, -6.84800000, 95.00, 'ูุบุทู', 65, 'ุชูููู,ุฅุถุงุกุฉ,ูุฑุงูู', '0537304001', 'arts@martiaux.ma', 3, 1, 4.50, '07:00:00', '22:00:00', '2025-11-03 21:47:39');

-- --------------------------------------------------------

--
-- Structure de la table `notifications`
--

CREATE TABLE `notifications` (
  `id` int(11) NOT NULL,
  `user_id` int(11) NOT NULL,
  `title` varchar(255) NOT NULL,
  `message` text NOT NULL,
  `is_read` tinyint(1) DEFAULT 0,
  `created_at` timestamp NOT NULL DEFAULT current_timestamp()
) ENGINE=InnoDB DEFAULT CHARSET=utf8mb4 COLLATE=utf8mb4_unicode_ci;

--
-- Dรฉchargement des donnรฉes de la table `notifications`
--

INSERT INTO `notifications` (`id`, `user_id`, `title`, `message`, `is_read`, `created_at`) VALUES
(26, 5, 'ุญุฌุฒ ุฌุฏูุฏ', 'ุชู ุญุฌุฒ ุงูููุนุจ ุตุงูุฉ ุงููููู ุงููุชุงููุฉ ุจุชุงุฑูุฎ 2025-11-13 ูู 08:00 ุฅูู 09:00', 0, '2025-11-03 22:54:34'),
(27, 50, 'ุชู ุชุฃููุฏ ุงูุญุฌุฒ', 'ุชู ุญุฌุฒ ุตุงูุฉ ุงููููู ุงููุชุงููุฉ ุจูุฌุงุญ ุจุชุงุฑูุฎ 2025-11-13', 0, '2025-11-03 22:54:34'),
(28, 5, 'ุญุฌุฒ ุฌุฏูุฏ', 'ุชู ุญุฌุฒ ุงูููุนุจ ุตุงูุฉ ุงููููู ุงููุชุงููุฉ ุจุชุงุฑูุฎ 2025-11-04 ูู 15:00 ุฅูู 16:00', 0, '2025-11-04 13:44:00'),
(29, 50, 'ุชู ุชุฃููุฏ ุงูุญุฌุฒ', 'ุชู ุญุฌุฒ ุตุงูุฉ ุงููููู ุงููุชุงููุฉ ุจูุฌุงุญ ุจุชุงุฑูุฎ 2025-11-04', 0, '2025-11-04 13:44:00'),
(30, 9, 'ุญุฌุฒ ุฌุฏูุฏ', 'ุชู ุญุฌุฒ ุงูููุนุจ ููุนุจ ุงููุฑุฉ ุงูุทุงุฆุฑุฉ ุจุชุงุฑูุฎ 2025-11-04 ูู 16:00 ุฅูู 17:00', 0, '2025-11-04 14:01:41'),
(31, 50, 'ุชู ุชุฃููุฏ ุงูุญุฌุฒ', 'ุชู ุญุฌุฒ ููุนุจ ุงููุฑุฉ ุงูุทุงุฆุฑุฉ ุจูุฌุงุญ ุจุชุงุฑูุฎ 2025-11-04', 0, '2025-11-04 14:01:41'),
(32, 50, 'ุชู ุฅูุบุงุก ุงูุญุฌุฒ', 'ุชู ุฅูุบุงุก ุญุฌุฒู ุจูุฌุงุญ', 0, '2025-11-04 14:02:25'),
(33, 50, 'ุชู ุฅูุบุงุก ุงูุญุฌุฒ', 'ุชู ุฅูุบุงุก ุญุฌุฒู ุจูุฌุงุญ', 0, '2025-11-04 14:02:28'),
(34, 50, 'ุชู ุฅูุบุงุก ุงูุญุฌุฒ', 'ุชู ุฅูุบุงุก ุญุฌุฒู ุจูุฌุงุญ', 0, '2025-11-04 14:02:31'),
(35, 50, 'ุชู ุฅูุบุงุก ุงูุญุฌุฒ', 'ุชู ุฅูุบุงุก ุญุฌุฒู ุจูุฌุงุญ', 0, '2025-11-04 14:02:34'),
(36, 50, 'ุชู ุฅูุบุงุก ุงูุญุฌุฒ', 'ุชู ุฅูุบุงุก ุญุฌุฒู ุจูุฌุงุญ', 0, '2025-11-04 14:02:36'),
(37, 50, 'ุชู ุฅูุบุงุก ุงูุญุฌุฒ', 'ุชู ุฅูุบุงุก ุญุฌุฒู ุจูุฌุงุญ', 0, '2025-11-04 14:02:41'),
(38, 50, 'ุชู ุฅูุบุงุก ุงูุญุฌุฒ', 'ุชู ุฅูุบุงุก ุญุฌุฒู ุจูุฌุงุญ', 0, '2025-11-04 17:42:25'),
(39, 5, 'ุญุฌุฒ ุฌุฏูุฏ', 'ุชู ุญุฌุฒ ุงูููุนุจ ุตุงูุฉ ุงููููู ุงููุชุงููุฉ ุจุชุงุฑูุฎ 2025-11-05 ูู 07:00 ุฅูู 08:00', 0, '2025-11-04 18:53:59'),
(40, 50, 'ุชู ุชุฃููุฏ ุงูุญุฌุฒ', 'ุชู ุญุฌุฒ ุตุงูุฉ ุงููููู ุงููุชุงููุฉ ุจูุฌุงุญ ุจุชุงุฑูุฎ 2025-11-05', 0, '2025-11-04 18:53:59'),
(41, 5, 'ุญุฌุฒ ุฌุฏูุฏ', 'ุชู ุญุฌุฒ ุงูููุนุจ ุตุงูุฉ ุงููููู ุงููุชุงููุฉ ุจุชุงุฑูุฎ 2025-11-06 ูู 07:00 ุฅูู 08:00', 0, '2025-11-04 18:55:11'),
(42, 50, 'ุชู ุชุฃููุฏ ุงูุญุฌุฒ', 'ุชู ุญุฌุฒ ุตุงูุฉ ุงููููู ุงููุชุงููุฉ ุจูุฌุงุญ ุจุชุงุฑูุฎ 2025-11-06', 0, '2025-11-04 18:55:11'),
(43, 5, 'ุญุฌุฒ ุฌุฏูุฏ', 'ุชู ุญุฌุฒ ุงูููุนุจ ุตุงูุฉ ุงููููู ุงููุชุงููุฉ ุจุชุงุฑูุฎ 2025-11-05 ูู 09:00 ุฅูู 10:00', 0, '2025-11-04 20:01:06'),
(44, 50, 'ุชู ุชุฃููุฏ ุงูุญุฌุฒ', 'ุชู ุญุฌุฒ ุตุงูุฉ ุงููููู ุงููุชุงููุฉ ุจูุฌุงุญ ุจุชุงุฑูุฎ 2025-11-05', 0, '2025-11-04 20:01:06'),
(45, 5, 'ุญุฌุฒ ุฌุฏูุฏ', 'ุชู ุญุฌุฒ ุงูููุนุจ ููุนุจ ุทูุฌุฉ ุงููุจูุฑ ุจุชุงุฑูุฎ 2025-11-05 ูู 09:00 ุฅูู 10:00', 0, '2025-11-04 20:44:02'),
(46, 50, 'ุชู ุชุฃููุฏ ุงูุญุฌุฒ', 'ุชู ุญุฌุฒ ููุนุจ ุทูุฌุฉ ุงููุจูุฑ ุจูุฌุงุญ ุจุชุงุฑูุฎ 2025-11-05', 0, '2025-11-04 20:44:02'),
(47, 5, 'ุญุฌุฒ ุฌุฏูุฏ', 'ุชู ุญุฌุฒ ุงูููุนุจ ุตุงูุฉ ุงููููู ุงููุชุงููุฉ ุจุชุงุฑูุฎ 2025-11-08 ูู 07:00 ุฅูู 08:00', 0, '2025-11-07 20:18:15'),
(48, 51, 'ุชู ุชุฃููุฏ ุงูุญุฌุฒ', 'ุชู ุญุฌุฒ ุตุงูุฉ ุงููููู ุงููุชุงููุฉ ุจูุฌุงุญ ุจุชุงุฑูุฎ 2025-11-08', 0, '2025-11-07 20:18:15'),
(49, 51, 'ุชู ุฅูุบุงุก ุงูุญุฌุฒ', 'ุชู ุฅูุบุงุก ุญุฌุฒู ุจูุฌุงุญ', 0, '2025-11-07 20:18:47'),
(50, 5, 'ุญุฌุฒ ุฌุฏูุฏ', 'ุชู ุญุฌุฒ ุงูููุนุจ ููุนุจ ุงูุชูุณ ุงููููู ุจุชุงุฑูุฎ 2025-11-08 ูู 07:00 ุฅูู 08:00', 0, '2025-11-07 20:19:15'),
(51, 51, 'ุชู ุชุฃููุฏ ุงูุญุฌุฒ', 'ุชู ุญุฌุฒ ููุนุจ ุงูุชูุณ ุงููููู ุจูุฌุงุญ ุจุชุงุฑูุฎ 2025-11-08', 0, '2025-11-07 20:19:15'),
(52, 9, 'ุญุฌุฒ ุฌุฏูุฏ', 'ุชู ุญุฌุฒ ุงูููุนุจ ููุนุจ ุงููุฑุฉ ุงูุทุงุฆุฑุฉ ุจุชุงุฑูุฎ 2025-11-07 ูู 18:00 ุฅูู 19:00', 0, '2025-11-07 20:20:56'),
(53, 50, 'ุชู ุชุฃููุฏ ุงูุญุฌุฒ', 'ุชู ุญุฌุฒ ููุนุจ ุงููุฑุฉ ุงูุทุงุฆุฑุฉ ุจูุฌุงุญ ุจุชุงุฑูุฎ 2025-11-07', 0, '2025-11-07 20:20:56'),
(54, 50, 'ุชู ุฅูุบุงุก ุงูุญุฌุฒ', 'ุชู ุฅูุบุงุก ุญุฌุฒู ุจูุฌุงุญ', 0, '2025-11-07 20:21:28'),
(55, 51, 'ุชู ุฅูุบุงุก ุงูุญุฌุฒ', 'ุชู ุฅูุบุงุก ุญุฌุฒู ุจูุฌุงุญ', 0, '2025-11-07 20:25:43'),
(56, 5, 'ุญุฌุฒ ุฌุฏูุฏ', 'ุชู ุญุฌุฒ ุงูููุนุจ ุตุงูุฉ ูุฑุฉ ุงูุณูุฉ ุทูุฌุฉ ุจุชุงุฑูุฎ 2025-11-07 ูู 09:00 ุฅูู 10:00', 0, '2025-11-07 20:27:48'),
(57, 50, 'ุชู ุชุฃููุฏ ุงูุญุฌุฒ', 'ุชู ุญุฌุฒ ุตุงูุฉ ูุฑุฉ ุงูุณูุฉ ุทูุฌุฉ ุจูุฌุงุญ ุจุชุงุฑูุฎ 2025-11-07', 0, '2025-11-07 20:27:48'),
(58, 50, 'ุชู ุฅูุบุงุก ุงูุญุฌุฒ', 'ุชู ุฅูุบุงุก ุญุฌุฒู ุจูุฌุงุญ', 0, '2025-11-07 20:28:01'),
(59, 5, 'ุญุฌุฒ ุฌุฏูุฏ', 'ุชู ุญุฌุฒ ุงูููุนุจ ููุนุจ ุทูุฌุฉ ุงููุจูุฑ ุจุชุงุฑูุฎ 2025-11-07 ูู 08:00 ุฅูู 09:00', 0, '2025-11-07 20:29:28'),
(60, 50, 'ุชู ุชุฃููุฏ ุงูุญุฌุฒ', 'ุชู ุญุฌุฒ ููุนุจ ุทูุฌุฉ ุงููุจูุฑ ุจูุฌุงุญ ุจุชุงุฑูุฎ 2025-11-07', 0, '2025-11-07 20:29:28'),
(61, 5, 'ุญุฌุฒ ุฌุฏูุฏ', 'ุชู ุญุฌุฒ ุงูููุนุจ ููุนุจ ุทูุฌุฉ ุงููุจูุฑ ุจุชุงุฑูุฎ 2025-11-07 ูู 16:00 ุฅูู 17:00', 0, '2025-11-07 20:30:49'),
(62, 50, 'ุชู ุชุฃููุฏ ุงูุญุฌุฒ', 'ุชู ุญุฌุฒ ููุนุจ ุทูุฌุฉ ุงููุจูุฑ ุจูุฌุงุญ ุจุชุงุฑูุฎ 2025-11-07', 0, '2025-11-07 20:30:49');

-- --------------------------------------------------------

--
-- Structure de la table `reservations`
--

CREATE TABLE `reservations` (
  `id` int(11) NOT NULL,
  `user_id` int(11) NOT NULL,
  `field_id` int(11) NOT NULL,
  `reservation_date` date NOT NULL,
  `start_time` time NOT NULL,
  `end_time` time NOT NULL,
  `duration` int(11) NOT NULL,
  `total_price` decimal(10,2) NOT NULL,
  `payment_method` enum('cash','online') DEFAULT 'cash',
  `payment_status` enum('pending','paid','failed') DEFAULT 'pending',
  `status` enum('pending','confirmed','completed','cancelled') DEFAULT 'pending',
  `notes` text DEFAULT NULL,
  `created_at` timestamp NOT NULL DEFAULT current_timestamp()
) ENGINE=InnoDB DEFAULT CHARSET=utf8mb4 COLLATE=utf8mb4_unicode_ci;

--
-- Dรฉchargement des donnรฉes de la table `reservations`
--

INSERT INTO `reservations` (`id`, `user_id`, `field_id`, `reservation_date`, `start_time`, `end_time`, `duration`, `total_price`, `payment_method`, `payment_status`, `status`, `notes`, `created_at`) VALUES
(18, 51, 34, '2025-11-08', '07:00:00', '08:00:00', 1, 90.00, 'cash', 'pending', 'cancelled', '', '2025-11-07 20:18:15'),
(19, 51, 30, '2025-11-08', '07:00:00', '08:00:00', 1, 150.00, 'cash', 'pending', 'cancelled', '', '2025-11-07 20:19:15'),
(27, 50, 31, '2025-11-08', '08:00:00', '09:00:00', 1, 120.00, 'cash', 'pending', 'confirmed', '', '2025-11-07 20:47:08'),
(28, 50, 27, '2025-11-08', '08:00:00', '09:00:00', 1, 90.00, 'online', 'paid', 'confirmed', '', '2025-11-07 20:51:05'),
(29, 51, 39, '2025-11-08', '08:00:00', '09:00:00', 1, 65.00, 'cash', 'pending', 'cancelled', '', '2025-11-07 21:46:29'),
(30, 50, 34, '2025-11-08', '10:00:00', '11:00:00', 1, 90.00, 'cash', 'pending', 'confirmed', '', '2025-11-07 22:13:04'),
(31, 51, 34, '2025-11-09', '21:00:00', '22:00:00', 1, 90.00, 'online', 'paid', 'cancelled', '', '2025-11-08 20:26:44'),
(32, 51, 38, '2025-11-09', '07:00:00', '08:00:00', 1, 110.00, 'online', 'paid', 'confirmed', '', '2025-11-08 21:09:19'),
(33, 50, 25, '2025-11-10', '08:00:00', '09:00:00', 1, 80.00, 'cash', 'pending', 'cancelled', '', '2025-11-09 13:15:08'),
(34, 50, 34, '2025-11-09', '21:00:00', '22:00:00', 1, 90.00, 'cash', 'pending', 'cancelled', '', '2025-11-09 13:40:32');

-- --------------------------------------------------------

--
-- Structure de la table `users`
--

CREATE TABLE `users` (
  `id` int(11) NOT NULL,
  `full_name` varchar(255) NOT NULL,
  `phone` varchar(20) NOT NULL,
  `email` varchar(255) NOT NULL,
  `city` varchar(100) DEFAULT NULL,
  `password` varchar(255) NOT NULL,
  `role` enum('user','owner','admin') DEFAULT 'user',
  `is_active` tinyint(1) DEFAULT 1,
  `created_at` timestamp NOT NULL DEFAULT current_timestamp()
) ENGINE=InnoDB DEFAULT CHARSET=utf8mb4 COLLATE=utf8mb4_unicode_ci;

--
-- Dรฉchargement des donnรฉes de la table `users`
--

INSERT INTO `users` (`id`, `full_name`, `phone`, `email`, `city`, `password`, `role`, `is_active`, `created_at`) VALUES
(1, 'ูุงูู ุงูุฏุงุฑ ุงูุจูุถุงุก', '0600112233', 'owner.casablanca@mail.com', 'Casablanca', '123456', 'owner', 1, '2025-11-03 21:34:43'),
(2, 'ูุงูู ุงูุฑุจุงุท', '0600223344', 'owner.rabat@mail.com', 'Rabat', '$2y$10$OLqYL/n6a7dwmFbxVpn.eescAP89.tBtpR.Tk6wm77eEjfBuL4rXa', 'owner', 1, '2025-11-03 21:34:43'),
(3, 'ูุงูู ูุงุณ', '0600334455', 'owner.fes@mail.com', 'Fes', '123456', 'owner', 1, '2025-11-03 21:34:43'),
(4, 'ูุงูู ูุฑุงูุด', '0600445566', 'owner.marrakech@mail.com', 'Marrakech', '123456', 'owner', 1, '2025-11-03 21:34:43'),
(5, 'ูุงูู ุทูุฌุฉ', '0600556677', 'owner.tanger@mail.com', 'Tanger', '$2y$10$jR8o5TZCvZcJpsYrszlGwublEFsErXB4vJglWtTVeXKKhzLmMZ6RG', 'owner', 1, '2025-11-03 21:34:43'),
(6, 'ูุงูู ุฃูุงุฏูุฑ', '0600667788', 'owner.agadir@mail.com', 'Agadir', '123456', 'owner', 1, '2025-11-03 21:34:43'),
(7, 'ูุงูู ูููุงุณ', '0600778899', 'owner.meknes@mail.com', 'Meknes', '123456', 'owner', 1, '2025-11-03 21:34:43'),
(8, 'ูุงูู ูุฌุฏุฉ', '0600889900', 'owner.oujda@mail.com', 'Oujda', '123456', 'owner', 1, '2025-11-03 21:34:43'),
(9, 'ูุงูู ุงููููุทุฑุฉ', '0600990011', 'owner.kenitra@mail.com', 'Kenitra', '$2y$10$DVXpW9OjO/TABzc/UjVgxufpoq5pxP/NZ9l2SXHxNaUEdfbSLOgbG', 'owner', 1, '2025-11-03 21:34:43'),
(10, 'ูุงูู ุชุทูุงู', '0600110022', 'owner.tetouan@mail.com', 'Tetouan', '123456', 'owner', 1, '2025-11-03 21:34:43'),
(11, 'ูุงูู ุงูุนููู', '0600221133', 'owner.layoune@mail.com', 'Laayoune', '123456', 'owner', 1, '2025-11-03 21:34:43'),
(12, 'ูุงูู ุงูุฏุงุฎูุฉ', '0600331144', 'owner.dakhla@mail.com', 'Dakhla', '123456', 'owner', 1, '2025-11-03 21:34:43'),
(13, 'ูุงูู ุงููุงุถูุฑ', '0600441155', 'owner.nador@mail.com', 'Nador', '123456', 'owner', 1, '2025-11-03 21:34:43'),
(14, 'ูุงูู ุงูุฌุฏูุฏุฉ', '0600551166', 'owner.eljadida@mail.com', 'El Jadida', '123456', 'owner', 1, '2025-11-03 21:34:43'),
(15, 'ูุงูู ุณุทุงุช', '0600661177', 'owner.settat@mail.com', 'Settat', '123456', 'owner', 1, '2025-11-03 21:34:43'),
(16, 'ูุงูู ุจูู ููุงู', '0600771188', 'owner.benimellal@mail.com', 'Beni Mellal', '123456', 'owner', 1, '2025-11-03 21:34:43'),
(17, 'ูุงูู ุฎุฑูุจูุฉ', '0600881199', 'owner.khouribga@mail.com', 'Khouribga', '123456', 'owner', 1, '2025-11-03 21:34:43'),
(18, 'ูุงูู ุชุงุฒุฉ', '0600992200', 'owner.taza@mail.com', 'Taza', '123456', 'owner', 1, '2025-11-03 21:34:43'),
(19, 'ูุงูู ุงูุนุฑุงุฆุด', '0600113300', 'owner.larache@mail.com', 'Larache', '123456', 'owner', 1, '2025-11-03 21:34:43'),
(20, 'ูุงูู ุงูุตููุฑุฉ', '0600224400', 'owner.essaouira@mail.com', 'Essaouira', '123456', 'owner', 1, '2025-11-03 21:34:43'),
(21, 'ูุงูู ุดูุดุงูู', '0600335500', 'owner.chefchaouen@mail.com', 'Chefchaouen', '123456', 'owner', 1, '2025-11-03 21:34:43'),
(22, 'ูุงูู ูุฑุฒุฒุงุช', '0600446600', 'owner.ouzazate@mail.com', 'Ouzazate', '123456', 'owner', 1, '2025-11-03 21:34:43'),
(23, 'ูุงูู ุงูุฑุงุดูุฏูุฉ', '0600557700', 'owner.errachidia@mail.com', 'Errachidia', '123456', 'owner', 1, '2025-11-03 21:34:43'),
(24, 'ูุงูู ุชุงูุฑูุฑุช', '0600668800', 'owner.taourirt@mail.com', 'Taourirt', '123456', 'owner', 1, '2025-11-03 21:34:43'),
(25, 'ูุงูู ุจุฑูุงู', '0600779900', 'owner.berkane@mail.com', 'Berkane', '123456', 'owner', 1, '2025-11-03 21:34:43'),
(26, 'ูุงูู ุณูุฏู ูุงุณู', '0600880011', 'owner.sidikacem@mail.com', 'Sidi Kacem', '123456', 'owner', 1, '2025-11-03 21:34:43'),
(27, 'ูุงูู ุณูุฏู ุณูููุงู', '0600991122', 'owner.sidislimane@mail.com', 'Sidi Slimane', '123456', 'owner', 1, '2025-11-03 21:34:43'),
(28, 'ูุงูู ููุนุฉ ุงูุณุฑุงุบูุฉ', '0600112233', 'owner.kalaa@mail.com', 'Kalaa Sraghna', '123456', 'owner', 1, '2025-11-03 21:34:43'),
(29, 'ูุงูู ุงูุฑุญุงููุฉ', '0600223344', 'owner.rehamna@mail.com', 'Rehamna', '123456', 'owner', 1, '2025-11-03 21:34:43'),
(30, 'ูุงูู ุงููุถูู', '0600334455', 'owner.mdiq@mail.com', 'Mdiq', '123456', 'owner', 1, '2025-11-03 21:34:43'),
(31, 'ูุงูู ุงููููุฏู', '0600445566', 'owner.fnideq@mail.com', 'Fnideq', '123456', 'owner', 1, '2025-11-03 21:34:43'),
(32, 'ูุงูู ูุงุฑุชูู', '0600556677', 'owner.martil@mail.com', 'Martil', '123456', 'owner', 1, '2025-11-03 21:34:43'),
(33, 'ูุงูู ููููู', '0600667788', 'owner.guelmim@mail.com', 'Guelmim', '123456', 'owner', 1, '2025-11-03 21:34:43'),
(34, 'ูุงูู ุทุงูุทุงู', '0600778899', 'owner.tantan@mail.com', 'Tan-Tan', '123456', 'owner', 1, '2025-11-03 21:34:43'),
(35, 'ูุงูู ุงูุนููู', '0600889900', 'owner.layoune2@mail.com', 'Laayoune', '123456', 'owner', 1, '2025-11-03 21:34:43'),
(36, 'ูุงูู ุจูุฌุฏูุฑ', '0600990011', 'owner.boujdour@mail.com', 'Boujdour', '123456', 'owner', 1, '2025-11-03 21:34:43'),
(37, 'ูุงูู ุฎูููุฑุฉ', '0600110022', 'owner.khenifra@mail.com', 'Khenifra', '123456', 'owner', 1, '2025-11-03 21:34:43'),
(38, 'ูุงูู ููุฏูุช', '0600221133', 'owner.midelt@mail.com', 'Midelt', '123456', 'owner', 1, '2025-11-03 21:34:43'),
(39, 'ูุงูู ุตูุฑู', '0600331144', 'owner.sefrou@mail.com', 'Sefrou', '123456', 'owner', 1, '2025-11-03 21:34:43'),
(40, 'ุงููุดุฑู ุงูุดูุงูู', '0600441155', 'admin.north@mail.com', 'Tanger', 'admin123', 'admin', 1, '2025-11-03 21:34:43'),
(41, 'ุงููุดุฑู ุงูุฌููุจู', '0600551166', 'admin.south@mail.com', 'Agadir', 'admin123', 'admin', 1, '2025-11-03 21:34:43'),
(42, 'ูุญูุฏ ุงูุญุณูู', '0612345678', 'mohamed@example.com', 'Casablanca', '123456', 'user', 1, '2025-11-03 21:34:43'),
(43, 'ูุงุทูุฉ ุงูุนููู', '0623456789', 'fatima@example.com', 'Rabat', '123456', 'user', 1, '2025-11-03 21:34:43'),
(44, 'ููุณู ุงููุฒูุฏู', '0634567890', 'youssef@example.com', 'Fes', '123456', 'user', 1, '2025-11-03 21:34:43'),
(45, 'ุฎุฏูุฌุฉ ุงูุตุญุฑุงููุฉ', '0645678901', 'khadija@example.com', 'Laayoune', '123456', 'user', 1, '2025-11-03 21:34:43'),
(46, 'ุนุจุฏ ุงููู ุงูุฃุทูุณู', '0656789012', 'abdullah@example.com', 'Marrakech', '123456', 'user', 1, '2025-11-03 21:34:43'),
(47, 'ุขุณูุฉ ุงูุณุงุญููุฉ', '0667890123', 'assia@example.com', 'Agadir', '123456', 'user', 1, '2025-11-03 21:34:43'),
(48, 'ูุตุทูู ุงูุดูุงูู', '0678901234', 'mustapha@example.com', 'Tanger', '123456', 'user', 1, '2025-11-03 21:34:43'),
(49, 'ูุงุฏูุฉ ุงูุฑูููุฉ', '0689012345', 'nadia@example.com', 'Nador', '123456', 'user', 1, '2025-11-03 21:34:43'),
(50, 'moh', '111111111111', 'moh@gmail.com', NULL, '$2y$10$T5DIGdTUJ4SiB.SfwygTZ.x0aoi9Nk5q7KlarhJlkRTTi1jmwKXPm', 'user', 1, '2025-11-03 21:52:42'),
(51, 'ELKAMO', '0678910111', 'elkamo@gmail.com', NULL, '$2y$10$eTddNQQvlPvrF17GIJ3EF.nb4sBzKattg93ofsFp8y7iFEjRY8Dbi', 'user', 1, '2025-11-05 15:13:15');

--
-- Index pour les tables dรฉchargรฉes
--

--
-- Index pour la table `categories`
--
ALTER TABLE `categories`
  ADD PRIMARY KEY (`id`);

--
-- Index pour la table `mala3ib`
--
ALTER TABLE `mala3ib`
  ADD PRIMARY KEY (`id`),
  ADD KEY `category_id` (`category_id`),
  ADD KEY `owner_id` (`owner_id`);

--
-- Index pour la table `notifications`
--
ALTER TABLE `notifications`
  ADD PRIMARY KEY (`id`),
  ADD KEY `user_id` (`user_id`);

--
-- Index pour la table `reservations`
--
ALTER TABLE `reservations`
  ADD PRIMARY KEY (`id`),
  ADD KEY `user_id` (`user_id`),
  ADD KEY `field_id` (`field_id`);

--
-- Index pour la table `users`
--
ALTER TABLE `users`
  ADD PRIMARY KEY (`id`),
  ADD UNIQUE KEY `email` (`email`);

--
-- AUTO_INCREMENT pour les tables dรฉchargรฉes
--

--
-- AUTO_INCREMENT pour la table `categories`
--
ALTER TABLE `categories`
  MODIFY `id` int(11) NOT NULL AUTO_INCREMENT, AUTO_INCREMENT=15;

--
-- AUTO_INCREMENT pour la table `mala3ib`
--
ALTER TABLE `mala3ib`
  MODIFY `id` int(11) NOT NULL AUTO_INCREMENT, AUTO_INCREMENT=49;

--
-- AUTO_INCREMENT pour la table `notifications`
--
ALTER TABLE `notifications`
  MODIFY `id` int(11) NOT NULL AUTO_INCREMENT, AUTO_INCREMENT=63;

--
-- AUTO_INCREMENT pour la table `reservations`
--
ALTER TABLE `reservations`
  MODIFY `id` int(11) NOT NULL AUTO_INCREMENT, AUTO_INCREMENT=35;

--
-- AUTO_INCREMENT pour la table `users`
--
ALTER TABLE `users`
  MODIFY `id` int(11) NOT NULL AUTO_INCREMENT, AUTO_INCREMENT=52;

--
-- Contraintes pour les tables dรฉchargรฉes
--

--
-- Contraintes pour la table `mala3ib`
--
ALTER TABLE `mala3ib`
  ADD CONSTRAINT `mala3ib_ibfk_1` FOREIGN KEY (`category_id`) REFERENCES `categories` (`id`),
  ADD CONSTRAINT `mala3ib_ibfk_2` FOREIGN KEY (`owner_id`) REFERENCES `users` (`id`);

--
-- Contraintes pour la table `notifications`
--
ALTER TABLE `notifications`
  ADD CONSTRAINT `notifications_ibfk_1` FOREIGN KEY (`user_id`) REFERENCES `users` (`id`);

--
-- Contraintes pour la table `reservations`
--
ALTER TABLE `reservations`
  ADD CONSTRAINT `reservations_ibfk_1` FOREIGN KEY (`user_id`) REFERENCES `users` (`id`),
  ADD CONSTRAINT `reservations_ibfk_2` FOREIGN KEY (`field_id`) REFERENCES `mala3ib` (`id`);
COMMIT;

/*!40101 SET CHARACTER_SET_CLIENT=@OLD_CHARACTER_SET_CLIENT */;
/*!40101 SET CHARACTER_SET_RESULTS=@OLD_CHARACTER_SET_RESULTS */;
/*!40101 SET COLLATION_CONNECTION=@OLD_COLLATION_CONNECTION */;
